	R1	R2	GROUP
AUPO-115	/home/lvelo/working_directory/microbiology/MARVIN/00_raw/AUPO-115_R1.fastq.gz	/home/lvelo/working_directory/microbiology/MARVIN/00_raw/AUPO-115_R2.fastq.gz	lib2
AUPO-145	/home/lvelo/working_directory/microbiology/MARVIN/00_raw/AUPO-145_R1.fastq.gz	/home/lvelo/working_directory/microbiology/MARVIN/00_raw/AUPO-145_R2.fastq.gz	lib2
AUPO-244	/home/lvelo/working_directory/microbiology/MARVIN/00_raw/AUPO-244_R1.fastq.gz	/home/lvelo/working_directory/microbiology/MARVIN/00_raw/AUPO-244_R2.fastq.gz	lib2
AUPO-234	/home/lvelo/working_directory/microbiology/MARVIN/00_raw/AUPO-234_R1.fastq.gz	/home/lvelo/working_directory/microbiology/MARVIN/00_raw/AUPO-234_R2.fastq.gz	lib2
AUPO-230	/home/lvelo/working_directory/microbiology/MARVIN/00_raw/AUPO-230_R1.fastq.gz	/home/lvelo/working_directory/microbiology/MARVIN/00_raw/AUPO-230_R2.fastq.gz	lib2
AUPO-138	/home/lvelo/working_directory/microbiology/MARVIN/00_raw/AUPO-138_R1.fastq.gz	/home/lvelo/working_directory/microbiology/MARVIN/00_raw/AUPO-138_R2.fastq.gz	lib2
AUPO-255	/home/lvelo/working_directory/microbiology/MARVIN/00_raw/AUPO-255_R1.fastq.gz	/home/lvelo/working_directory/microbiology/MARVIN/00_raw/AUPO-255_R2.fastq.gz	lib2
AUPO-125	/home/lvelo/working_directory/microbiology/MARVIN/00_raw/AUPO-125_R1.fastq.gz	/home/lvelo/working_directory/microbiology/MARVIN/00_raw/AUPO-125_R2.fastq.gz	lib2
AUPO-267	/home/lvelo/working_directory/microbiology/MARVIN/00_raw/AUPO-267_R1.fastq.gz	/home/lvelo/working_directory/microbiology/MARVIN/00_raw/AUPO-267_R2.fastq.gz	lib2
AUPO-127	/home/lvelo/working_directory/microbiology/MARVIN/00_raw/AUPO-127_R1.fastq.gz	/home/lvelo/working_directory/microbiology/MARVIN/00_raw/AUPO-127_R2.fastq.gz	lib2
AUPO-238	/home/lvelo/working_directory/microbiology/MARVIN/00_raw/AUPO-238_R1.fastq.gz	/home/lvelo/working_directory/microbiology/MARVIN/00_raw/AUPO-238_R2.fastq.gz	lib2
AUPO-121	/home/lvelo/working_directory/microbiology/MARVIN/00_raw/AUPO-121_R1.fastq.gz	/home/lvelo/working_directory/microbiology/MARVIN/00_raw/AUPO-121_R2.fastq.gz	lib2
AUPO-215	/home/lvelo/working_directory/microbiology/MARVIN/00_raw/AUPO-215_R1.fastq.gz	/home/lvelo/working_directory/microbiology/MARVIN/00_raw/AUPO-215_R2.fastq.gz	lib2
AUPO-152	/home/lvelo/working_directory/microbiology/MARVIN/00_raw/AUPO-152_R1.fastq.gz	/home/lvelo/working_directory/microbiology/MARVIN/00_raw/AUPO-152_R2.fastq.gz	lib2
AUPO-166	/home/lvelo/working_directory/microbiology/MARVIN/00_raw/AUPO-166_R1.fastq.gz	/home/lvelo/working_directory/microbiology/MARVIN/00_raw/AUPO-166_R2.fastq.gz	lib2
AUPO-120	/home/lvelo/working_directory/microbiology/MARVIN/00_raw/AUPO-120_R1.fastq.gz	/home/lvelo/working_directory/microbiology/MARVIN/00_raw/AUPO-120_R2.fastq.gz	lib2
AUPO-111	/home/lvelo/working_directory/microbiology/MARVIN/00_raw/AUPO-111_R1.fastq.gz	/home/lvelo/working_directory/microbiology/MARVIN/00_raw/AUPO-111_R2.fastq.gz	lib2
AUPO-116	/home/lvelo/working_directory/microbiology/MARVIN/00_raw/AUPO-116_R1.fastq.gz	/home/lvelo/working_directory/microbiology/MARVIN/00_raw/AUPO-116_R2.fastq.gz	lib2
AUPO-202	/home/lvelo/working_directory/microbiology/MARVIN/00_raw/AUPO-202_R1.fastq.gz	/home/lvelo/working_directory/microbiology/MARVIN/00_raw/AUPO-202_R2.fastq.gz	lib2
AUPO-265	/home/lvelo/working_directory/microbiology/MARVIN/00_raw/AUPO-265_R1.fastq.gz	/home/lvelo/working_directory/microbiology/MARVIN/00_raw/AUPO-265_R2.fastq.gz	lib2
AUPO-256	/home/lvelo/working_directory/microbiology/MARVIN/00_raw/AUPO-256_R1.fastq.gz	/home/lvelo/working_directory/microbiology/MARVIN/00_raw/AUPO-256_R2.fastq.gz	lib2
AUPO-153	/home/lvelo/working_directory/microbiology/MARVIN/00_raw/AUPO-153_R1.fastq.gz	/home/lvelo/working_directory/microbiology/MARVIN/00_raw/AUPO-153_R2.fastq.gz	lib2
AUPO-139	/home/lvelo/working_directory/microbiology/MARVIN/00_raw/AUPO-139_R1.fastq.gz	/home/lvelo/working_directory/microbiology/MARVIN/00_raw/AUPO-139_R2.fastq.gz	lib2
AUPO-162	/home/lvelo/working_directory/microbiology/MARVIN/00_raw/AUPO-162_R1.fastq.gz	/home/lvelo/working_directory/microbiology/MARVIN/00_raw/AUPO-162_R2.fastq.gz	lib2
AUPO-118	/home/lvelo/working_directory/microbiology/MARVIN/00_raw/AUPO-118_R1.fastq.gz	/home/lvelo/working_directory/microbiology/MARVIN/00_raw/AUPO-118_R2.fastq.gz	lib2
AUPO-216	/home/lvelo/working_directory/microbiology/MARVIN/00_raw/AUPO-216_R1.fastq.gz	/home/lvelo/working_directory/microbiology/MARVIN/00_raw/AUPO-216_R2.fastq.gz	lib2
AUPO-264	/home/lvelo/working_directory/microbiology/MARVIN/00_raw/AUPO-264_R1.fastq.gz	/home/lvelo/working_directory/microbiology/MARVIN/00_raw/AUPO-264_R2.fastq.gz	lib2
AUPO-104	/home/lvelo/working_directory/microbiology/MARVIN/00_raw/AUPO-104_R1.fastq.gz	/home/lvelo/working_directory/microbiology/MARVIN/00_raw/AUPO-104_R2.fastq.gz	lib2
AUPO-158	/home/lvelo/working_directory/microbiology/MARVIN/00_raw/AUPO-158_R1.fastq.gz	/home/lvelo/working_directory/microbiology/MARVIN/00_raw/AUPO-158_R2.fastq.gz	lib2
AUPO-192	/home/lvelo/working_directory/microbiology/MARVIN/00_raw/AUPO-192_R1.fastq.gz	/home/lvelo/working_directory/microbiology/MARVIN/00_raw/AUPO-192_R2.fastq.gz	lib2
AUPO-114	/home/lvelo/working_directory/microbiology/MARVIN/00_raw/AUPO-114_R1.fastq.gz	/home/lvelo/working_directory/microbiology/MARVIN/00_raw/AUPO-114_R2.fastq.gz	lib2
AUPO-193	/home/lvelo/working_directory/microbiology/MARVIN/00_raw/AUPO-193_R1.fastq.gz	/home/lvelo/working_directory/microbiology/MARVIN/00_raw/AUPO-193_R2.fastq.gz	lib2
AUPO-228	/home/lvelo/working_directory/microbiology/MARVIN/00_raw/AUPO-228_R1.fastq.gz	/home/lvelo/working_directory/microbiology/MARVIN/00_raw/AUPO-228_R2.fastq.gz	lib2
AUPO-241	/home/lvelo/working_directory/microbiology/MARVIN/00_raw/AUPO-241_R1.fastq.gz	/home/lvelo/working_directory/microbiology/MARVIN/00_raw/AUPO-241_R2.fastq.gz	lib2
AUPO-110	/home/lvelo/working_directory/microbiology/MARVIN/00_raw/AUPO-110_R1.fastq.gz	/home/lvelo/working_directory/microbiology/MARVIN/00_raw/AUPO-110_R2.fastq.gz	lib2
AUPO-151	/home/lvelo/working_directory/microbiology/MARVIN/00_raw/AUPO-151_R1.fastq.gz	/home/lvelo/working_directory/microbiology/MARVIN/00_raw/AUPO-151_R2.fastq.gz	lib2
AUPO-107	/home/lvelo/working_directory/microbiology/MARVIN/00_raw/AUPO-107_R1.fastq.gz	/home/lvelo/working_directory/microbiology/MARVIN/00_raw/AUPO-107_R2.fastq.gz	lib2
AUPO-146	/home/lvelo/working_directory/microbiology/MARVIN/00_raw/AUPO-146_R1.fastq.gz	/home/lvelo/working_directory/microbiology/MARVIN/00_raw/AUPO-146_R2.fastq.gz	lib2
AUPO-155	/home/lvelo/working_directory/microbiology/MARVIN/00_raw/AUPO-155_R1.fastq.gz	/home/lvelo/working_directory/microbiology/MARVIN/00_raw/AUPO-155_R2.fastq.gz	lib2
AUPO-154	/home/lvelo/working_directory/microbiology/MARVIN/00_raw/AUPO-154_R1.fastq.gz	/home/lvelo/working_directory/microbiology/MARVIN/00_raw/AUPO-154_R2.fastq.gz	lib2
AUPO-200	/home/lvelo/working_directory/microbiology/MARVIN/00_raw/AUPO-200_R1.fastq.gz	/home/lvelo/working_directory/microbiology/MARVIN/00_raw/AUPO-200_R2.fastq.gz	lib2
AUPO-131	/home/lvelo/working_directory/microbiology/MARVIN/00_raw/AUPO-131_R1.fastq.gz	/home/lvelo/working_directory/microbiology/MARVIN/00_raw/AUPO-131_R2.fastq.gz	lib2
AUPO-254	/home/lvelo/working_directory/microbiology/MARVIN/00_raw/AUPO-254_R1.fastq.gz	/home/lvelo/working_directory/microbiology/MARVIN/00_raw/AUPO-254_R2.fastq.gz	lib2
AUPO-242	/home/lvelo/working_directory/microbiology/MARVIN/00_raw/AUPO-242_R1.fastq.gz	/home/lvelo/working_directory/microbiology/MARVIN/00_raw/AUPO-242_R2.fastq.gz	lib2
AUPO-263	/home/lvelo/working_directory/microbiology/MARVIN/00_raw/AUPO-263_R1.fastq.gz	/home/lvelo/working_directory/microbiology/MARVIN/00_raw/AUPO-263_R2.fastq.gz	lib2
AUPO-171	/home/lvelo/working_directory/microbiology/MARVIN/00_raw/AUPO-171_R1.fastq.gz	/home/lvelo/working_directory/microbiology/MARVIN/00_raw/AUPO-171_R2.fastq.gz	lib2
AUPO-161	/home/lvelo/working_directory/microbiology/MARVIN/00_raw/AUPO-161_R1.fastq.gz	/home/lvelo/working_directory/microbiology/MARVIN/00_raw/AUPO-161_R2.fastq.gz	lib2
AUPO-214	/home/lvelo/working_directory/microbiology/MARVIN/00_raw/AUPO-214_R1.fastq.gz	/home/lvelo/working_directory/microbiology/MARVIN/00_raw/AUPO-214_R2.fastq.gz	lib2
AUPO-188	/home/lvelo/working_directory/microbiology/MARVIN/00_raw/AUPO-188_R1.fastq.gz	/home/lvelo/working_directory/microbiology/MARVIN/00_raw/AUPO-188_R2.fastq.gz	lib2
AUPO-117	/home/lvelo/working_directory/microbiology/MARVIN/00_raw/AUPO-117_R1.fastq.gz	/home/lvelo/working_directory/microbiology/MARVIN/00_raw/AUPO-117_R2.fastq.gz	lib2
AUPO-102	/home/lvelo/working_directory/microbiology/MARVIN/00_raw/AUPO-102_R1.fastq.gz	/home/lvelo/working_directory/microbiology/MARVIN/00_raw/AUPO-102_R2.fastq.gz	lib2
AUPO-226	/home/lvelo/working_directory/microbiology/MARVIN/00_raw/AUPO-226_R1.fastq.gz	/home/lvelo/working_directory/microbiology/MARVIN/00_raw/AUPO-226_R2.fastq.gz	lib2
AUPO-197	/home/lvelo/working_directory/microbiology/MARVIN/00_raw/AUPO-197_R1.fastq.gz	/home/lvelo/working_directory/microbiology/MARVIN/00_raw/AUPO-197_R2.fastq.gz	lib2
AUPO-240	/home/lvelo/working_directory/microbiology/MARVIN/00_raw/AUPO-240_R1.fastq.gz	/home/lvelo/working_directory/microbiology/MARVIN/00_raw/AUPO-240_R2.fastq.gz	lib2
AUPO-175	/home/lvelo/working_directory/microbiology/MARVIN/00_raw/AUPO-175_R1.fastq.gz	/home/lvelo/working_directory/microbiology/MARVIN/00_raw/AUPO-175_R2.fastq.gz	lib2
AUPO-235	/home/lvelo/working_directory/microbiology/MARVIN/00_raw/AUPO-235_R1.fastq.gz	/home/lvelo/working_directory/microbiology/MARVIN/00_raw/AUPO-235_R2.fastq.gz	lib2
AUPO-210	/home/lvelo/working_directory/microbiology/MARVIN/00_raw/AUPO-210_R1.fastq.gz	/home/lvelo/working_directory/microbiology/MARVIN/00_raw/AUPO-210_R2.fastq.gz	lib2
AUPO-196	/home/lvelo/working_directory/microbiology/MARVIN/00_raw/AUPO-196_R1.fastq.gz	/home/lvelo/working_directory/microbiology/MARVIN/00_raw/AUPO-196_R2.fastq.gz	lib2
AUPO-173	/home/lvelo/working_directory/microbiology/MARVIN/00_raw/AUPO-173_R1.fastq.gz	/home/lvelo/working_directory/microbiology/MARVIN/00_raw/AUPO-173_R2.fastq.gz	lib2
AUPO-144	/home/lvelo/working_directory/microbiology/MARVIN/00_raw/AUPO-144_R1.fastq.gz	/home/lvelo/working_directory/microbiology/MARVIN/00_raw/AUPO-144_R2.fastq.gz	lib2
AUPO-101	/home/lvelo/working_directory/microbiology/MARVIN/00_raw/AUPO-101_R1.fastq.gz	/home/lvelo/working_directory/microbiology/MARVIN/00_raw/AUPO-101_R2.fastq.gz	lib2
AUPO-103	/home/lvelo/working_directory/microbiology/MARVIN/00_raw/AUPO-103_R1.fastq.gz	/home/lvelo/working_directory/microbiology/MARVIN/00_raw/AUPO-103_R2.fastq.gz	lib2
AUPO-211	/home/lvelo/working_directory/microbiology/MARVIN/00_raw/AUPO-211_R1.fastq.gz	/home/lvelo/working_directory/microbiology/MARVIN/00_raw/AUPO-211_R2.fastq.gz	lib2
AUPO-136	/home/lvelo/working_directory/microbiology/MARVIN/00_raw/AUPO-136_R1.fastq.gz	/home/lvelo/working_directory/microbiology/MARVIN/00_raw/AUPO-136_R2.fastq.gz	lib2
AUPO-224	/home/lvelo/working_directory/microbiology/MARVIN/00_raw/AUPO-224_R1.fastq.gz	/home/lvelo/working_directory/microbiology/MARVIN/00_raw/AUPO-224_R2.fastq.gz	lib2
AUPO-198	/home/lvelo/working_directory/microbiology/MARVIN/00_raw/AUPO-198_R1.fastq.gz	/home/lvelo/working_directory/microbiology/MARVIN/00_raw/AUPO-198_R2.fastq.gz	lib2
AUPO-174	/home/lvelo/working_directory/microbiology/MARVIN/00_raw/AUPO-174_R1.fastq.gz	/home/lvelo/working_directory/microbiology/MARVIN/00_raw/AUPO-174_R2.fastq.gz	lib2
AUPO-108	/home/lvelo/working_directory/microbiology/MARVIN/00_raw/AUPO-108_R1.fastq.gz	/home/lvelo/working_directory/microbiology/MARVIN/00_raw/AUPO-108_R2.fastq.gz	lib2
AUPO-149	/home/lvelo/working_directory/microbiology/MARVIN/00_raw/AUPO-149_R1.fastq.gz	/home/lvelo/working_directory/microbiology/MARVIN/00_raw/AUPO-149_R2.fastq.gz	lib2
AUPO-208	/home/lvelo/working_directory/microbiology/MARVIN/00_raw/AUPO-208_R1.fastq.gz	/home/lvelo/working_directory/microbiology/MARVIN/00_raw/AUPO-208_R2.fastq.gz	lib2
AUPO-250	/home/lvelo/working_directory/microbiology/MARVIN/00_raw/AUPO-250_R1.fastq.gz	/home/lvelo/working_directory/microbiology/MARVIN/00_raw/AUPO-250_R2.fastq.gz	lib2
AUPO-217	/home/lvelo/working_directory/microbiology/MARVIN/00_raw/AUPO-217_R1.fastq.gz	/home/lvelo/working_directory/microbiology/MARVIN/00_raw/AUPO-217_R2.fastq.gz	lib2
AUPO-258	/home/lvelo/working_directory/microbiology/MARVIN/00_raw/AUPO-258_R1.fastq.gz	/home/lvelo/working_directory/microbiology/MARVIN/00_raw/AUPO-258_R2.fastq.gz	lib2
AUPO-156	/home/lvelo/working_directory/microbiology/MARVIN/00_raw/AUPO-156_R1.fastq.gz	/home/lvelo/working_directory/microbiology/MARVIN/00_raw/AUPO-156_R2.fastq.gz	lib2
AUPO-134	/home/lvelo/working_directory/microbiology/MARVIN/00_raw/AUPO-134_R1.fastq.gz	/home/lvelo/working_directory/microbiology/MARVIN/00_raw/AUPO-134_R2.fastq.gz	lib2
AUPO-222	/home/lvelo/working_directory/microbiology/MARVIN/00_raw/AUPO-222_R1.fastq.gz	/home/lvelo/working_directory/microbiology/MARVIN/00_raw/AUPO-222_R2.fastq.gz	lib2
AUPO-165	/home/lvelo/working_directory/microbiology/MARVIN/00_raw/AUPO-165_R1.fastq.gz	/home/lvelo/working_directory/microbiology/MARVIN/00_raw/AUPO-165_R2.fastq.gz	lib2
AUPO-122	/home/lvelo/working_directory/microbiology/MARVIN/00_raw/AUPO-122_R1.fastq.gz	/home/lvelo/working_directory/microbiology/MARVIN/00_raw/AUPO-122_R2.fastq.gz	lib2
AUPO-248	/home/lvelo/working_directory/microbiology/MARVIN/00_raw/AUPO-248_R1.fastq.gz	/home/lvelo/working_directory/microbiology/MARVIN/00_raw/AUPO-248_R2.fastq.gz	lib2
AUPO-132	/home/lvelo/working_directory/microbiology/MARVIN/00_raw/AUPO-132_R1.fastq.gz	/home/lvelo/working_directory/microbiology/MARVIN/00_raw/AUPO-132_R2.fastq.gz	lib2
AUPO-218	/home/lvelo/working_directory/microbiology/MARVIN/00_raw/AUPO-218_R1.fastq.gz	/home/lvelo/working_directory/microbiology/MARVIN/00_raw/AUPO-218_R2.fastq.gz	lib2
AUPO-189	/home/lvelo/working_directory/microbiology/MARVIN/00_raw/AUPO-189_R1.fastq.gz	/home/lvelo/working_directory/microbiology/MARVIN/00_raw/AUPO-189_R2.fastq.gz	lib2
AUPO-195	/home/lvelo/working_directory/microbiology/MARVIN/00_raw/AUPO-195_R1.fastq.gz	/home/lvelo/working_directory/microbiology/MARVIN/00_raw/AUPO-195_R2.fastq.gz	lib2
AUPO-231	/home/lvelo/working_directory/microbiology/MARVIN/00_raw/AUPO-231_R1.fastq.gz	/home/lvelo/working_directory/microbiology/MARVIN/00_raw/AUPO-231_R2.fastq.gz	lib2
AUPO-148	/home/lvelo/working_directory/microbiology/MARVIN/00_raw/AUPO-148_R1.fastq.gz	/home/lvelo/working_directory/microbiology/MARVIN/00_raw/AUPO-148_R2.fastq.gz	lib2
AUPO-160	/home/lvelo/working_directory/microbiology/MARVIN/00_raw/AUPO-160_R1.fastq.gz	/home/lvelo/working_directory/microbiology/MARVIN/00_raw/AUPO-160_R2.fastq.gz	lib2
AUPO-168	/home/lvelo/working_directory/microbiology/MARVIN/00_raw/AUPO-168_R1.fastq.gz	/home/lvelo/working_directory/microbiology/MARVIN/00_raw/AUPO-168_R2.fastq.gz	lib2
AUPO-257	/home/lvelo/working_directory/microbiology/MARVIN/00_raw/AUPO-257_R1.fastq.gz	/home/lvelo/working_directory/microbiology/MARVIN/00_raw/AUPO-257_R2.fastq.gz	lib2
AUPO-190	/home/lvelo/working_directory/microbiology/MARVIN/00_raw/AUPO-190_R1.fastq.gz	/home/lvelo/working_directory/microbiology/MARVIN/00_raw/AUPO-190_R2.fastq.gz	lib2
AUPO-268	/home/lvelo/working_directory/microbiology/MARVIN/00_raw/AUPO-268_R1.fastq.gz	/home/lvelo/working_directory/microbiology/MARVIN/00_raw/AUPO-268_R2.fastq.gz	lib2
AUPO-157	/home/lvelo/working_directory/microbiology/MARVIN/00_raw/AUPO-157_R1.fastq.gz	/home/lvelo/working_directory/microbiology/MARVIN/00_raw/AUPO-157_R2.fastq.gz	lib2
AUPO-233	/home/lvelo/working_directory/microbiology/MARVIN/00_raw/AUPO-233_R1.fastq.gz	/home/lvelo/working_directory/microbiology/MARVIN/00_raw/AUPO-233_R2.fastq.gz	lib2
AUPO-225	/home/lvelo/working_directory/microbiology/MARVIN/00_raw/AUPO-225_R1.fastq.gz	/home/lvelo/working_directory/microbiology/MARVIN/00_raw/AUPO-225_R2.fastq.gz	lib2
AUPO-247	/home/lvelo/working_directory/microbiology/MARVIN/00_raw/AUPO-247_R1.fastq.gz	/home/lvelo/working_directory/microbiology/MARVIN/00_raw/AUPO-247_R2.fastq.gz	lib2
AUPO-141	/home/lvelo/working_directory/microbiology/MARVIN/00_raw/AUPO-141_R1.fastq.gz	/home/lvelo/working_directory/microbiology/MARVIN/00_raw/AUPO-141_R2.fastq.gz	lib2
AUPO-169	/home/lvelo/working_directory/microbiology/MARVIN/00_raw/AUPO-169_R1.fastq.gz	/home/lvelo/working_directory/microbiology/MARVIN/00_raw/AUPO-169_R2.fastq.gz	lib2
AUPO-128	/home/lvelo/working_directory/microbiology/MARVIN/00_raw/AUPO-128_R1.fastq.gz	/home/lvelo/working_directory/microbiology/MARVIN/00_raw/AUPO-128_R2.fastq.gz	lib2
AUPO-221	/home/lvelo/working_directory/microbiology/MARVIN/00_raw/AUPO-221_R1.fastq.gz	/home/lvelo/working_directory/microbiology/MARVIN/00_raw/AUPO-221_R2.fastq.gz	lib2
AUPO-266	/home/lvelo/working_directory/microbiology/MARVIN/00_raw/AUPO-266_R1.fastq.gz	/home/lvelo/working_directory/microbiology/MARVIN/00_raw/AUPO-266_R2.fastq.gz	lib2
AUPO-253	/home/lvelo/working_directory/microbiology/MARVIN/00_raw/AUPO-253_R1.fastq.gz	/home/lvelo/working_directory/microbiology/MARVIN/00_raw/AUPO-253_R2.fastq.gz	lib2
AUPO-220	/home/lvelo/working_directory/microbiology/MARVIN/00_raw/AUPO-220_R1.fastq.gz	/home/lvelo/working_directory/microbiology/MARVIN/00_raw/AUPO-220_R2.fastq.gz	lib2
AUPO-105	/home/lvelo/working_directory/microbiology/MARVIN/00_raw/AUPO-105_R1.fastq.gz	/home/lvelo/working_directory/microbiology/MARVIN/00_raw/AUPO-105_R2.fastq.gz	lib2
AUPO-112	/home/lvelo/working_directory/microbiology/MARVIN/00_raw/AUPO-112_R1.fastq.gz	/home/lvelo/working_directory/microbiology/MARVIN/00_raw/AUPO-112_R2.fastq.gz	lib2
AUPO-205	/home/lvelo/working_directory/microbiology/MARVIN/00_raw/AUPO-205_R1.fastq.gz	/home/lvelo/working_directory/microbiology/MARVIN/00_raw/AUPO-205_R2.fastq.gz	lib2
AUPO-191	/home/lvelo/working_directory/microbiology/MARVIN/00_raw/AUPO-191_R1.fastq.gz	/home/lvelo/working_directory/microbiology/MARVIN/00_raw/AUPO-191_R2.fastq.gz	lib2
AUPO-239	/home/lvelo/working_directory/microbiology/MARVIN/00_raw/AUPO-239_R1.fastq.gz	/home/lvelo/working_directory/microbiology/MARVIN/00_raw/AUPO-239_R2.fastq.gz	lib2
AUPO-119	/home/lvelo/working_directory/microbiology/MARVIN/00_raw/AUPO-119_R1.fastq.gz	/home/lvelo/working_directory/microbiology/MARVIN/00_raw/AUPO-119_R2.fastq.gz	lib2
AUPO-113	/home/lvelo/working_directory/microbiology/MARVIN/00_raw/AUPO-113_R1.fastq.gz	/home/lvelo/working_directory/microbiology/MARVIN/00_raw/AUPO-113_R2.fastq.gz	lib2
AUPO-246	/home/lvelo/working_directory/microbiology/MARVIN/00_raw/AUPO-246_R1.fastq.gz	/home/lvelo/working_directory/microbiology/MARVIN/00_raw/AUPO-246_R2.fastq.gz	lib2
AUPO-130	/home/lvelo/working_directory/microbiology/MARVIN/00_raw/AUPO-130_R1.fastq.gz	/home/lvelo/working_directory/microbiology/MARVIN/00_raw/AUPO-130_R2.fastq.gz	lib2
AUPO-135	/home/lvelo/working_directory/microbiology/MARVIN/00_raw/AUPO-135_R1.fastq.gz	/home/lvelo/working_directory/microbiology/MARVIN/00_raw/AUPO-135_R2.fastq.gz	lib2
AUPO-172	/home/lvelo/working_directory/microbiology/MARVIN/00_raw/AUPO-172_R1.fastq.gz	/home/lvelo/working_directory/microbiology/MARVIN/00_raw/AUPO-172_R2.fastq.gz	lib2
AUPO-232	/home/lvelo/working_directory/microbiology/MARVIN/00_raw/AUPO-232_R1.fastq.gz	/home/lvelo/working_directory/microbiology/MARVIN/00_raw/AUPO-232_R2.fastq.gz	lib2
AUPO-206	/home/lvelo/working_directory/microbiology/MARVIN/00_raw/AUPO-206_R1.fastq.gz	/home/lvelo/working_directory/microbiology/MARVIN/00_raw/AUPO-206_R2.fastq.gz	lib2
AUPO-213	/home/lvelo/working_directory/microbiology/MARVIN/00_raw/AUPO-213_R1.fastq.gz	/home/lvelo/working_directory/microbiology/MARVIN/00_raw/AUPO-213_R2.fastq.gz	lib2
AUPO-262	/home/lvelo/working_directory/microbiology/MARVIN/00_raw/AUPO-262_R1.fastq.gz	/home/lvelo/working_directory/microbiology/MARVIN/00_raw/AUPO-262_R2.fastq.gz	lib2
AUPO-109	/home/lvelo/working_directory/microbiology/MARVIN/00_raw/AUPO-109_R1.fastq.gz	/home/lvelo/working_directory/microbiology/MARVIN/00_raw/AUPO-109_R2.fastq.gz	lib2
AUPO-194	/home/lvelo/working_directory/microbiology/MARVIN/00_raw/AUPO-194_R1.fastq.gz	/home/lvelo/working_directory/microbiology/MARVIN/00_raw/AUPO-194_R2.fastq.gz	lib2
AUPO-223	/home/lvelo/working_directory/microbiology/MARVIN/00_raw/AUPO-223_R1.fastq.gz	/home/lvelo/working_directory/microbiology/MARVIN/00_raw/AUPO-223_R2.fastq.gz	lib2
AUPO-219	/home/lvelo/working_directory/microbiology/MARVIN/00_raw/AUPO-219_R1.fastq.gz	/home/lvelo/working_directory/microbiology/MARVIN/00_raw/AUPO-219_R2.fastq.gz	lib2
AUPO-209	/home/lvelo/working_directory/microbiology/MARVIN/00_raw/AUPO-209_R1.fastq.gz	/home/lvelo/working_directory/microbiology/MARVIN/00_raw/AUPO-209_R2.fastq.gz	lib2
AUPO-106	/home/lvelo/working_directory/microbiology/MARVIN/00_raw/AUPO-106_R1.fastq.gz	/home/lvelo/working_directory/microbiology/MARVIN/00_raw/AUPO-106_R2.fastq.gz	lib2
AUPO-251	/home/lvelo/working_directory/microbiology/MARVIN/00_raw/AUPO-251_R1.fastq.gz	/home/lvelo/working_directory/microbiology/MARVIN/00_raw/AUPO-251_R2.fastq.gz	lib2
AUPO-261	/home/lvelo/working_directory/microbiology/MARVIN/00_raw/AUPO-261_R1.fastq.gz	/home/lvelo/working_directory/microbiology/MARVIN/00_raw/AUPO-261_R2.fastq.gz	lib2
AUPO-123	/home/lvelo/working_directory/microbiology/MARVIN/00_raw/AUPO-123_R1.fastq.gz	/home/lvelo/working_directory/microbiology/MARVIN/00_raw/AUPO-123_R2.fastq.gz	lib2
AUPO-203	/home/lvelo/working_directory/microbiology/MARVIN/00_raw/AUPO-203_R1.fastq.gz	/home/lvelo/working_directory/microbiology/MARVIN/00_raw/AUPO-203_R2.fastq.gz	lib2
AUPO-129	/home/lvelo/working_directory/microbiology/MARVIN/00_raw/AUPO-129_R1.fastq.gz	/home/lvelo/working_directory/microbiology/MARVIN/00_raw/AUPO-129_R2.fastq.gz	lib2
AUPO-245	/home/lvelo/working_directory/microbiology/MARVIN/00_raw/AUPO-245_R1.fastq.gz	/home/lvelo/working_directory/microbiology/MARVIN/00_raw/AUPO-245_R2.fastq.gz	lib2
AUPO-243	/home/lvelo/working_directory/microbiology/MARVIN/00_raw/AUPO-243_R1.fastq.gz	/home/lvelo/working_directory/microbiology/MARVIN/00_raw/AUPO-243_R2.fastq.gz	lib2
AUPO-260	/home/lvelo/working_directory/microbiology/MARVIN/00_raw/AUPO-260_R1.fastq.gz	/home/lvelo/working_directory/microbiology/MARVIN/00_raw/AUPO-260_R2.fastq.gz	lib2
AUPO-207	/home/lvelo/working_directory/microbiology/MARVIN/00_raw/AUPO-207_R1.fastq.gz	/home/lvelo/working_directory/microbiology/MARVIN/00_raw/AUPO-207_R2.fastq.gz	lib2
AUPO-147	/home/lvelo/working_directory/microbiology/MARVIN/00_raw/AUPO-147_R1.fastq.gz	/home/lvelo/working_directory/microbiology/MARVIN/00_raw/AUPO-147_R2.fastq.gz	lib2
AUPO-170	/home/lvelo/working_directory/microbiology/MARVIN/00_raw/AUPO-170_R1.fastq.gz	/home/lvelo/working_directory/microbiology/MARVIN/00_raw/AUPO-170_R2.fastq.gz	lib2
AUPO-212	/home/lvelo/working_directory/microbiology/MARVIN/00_raw/AUPO-212_R1.fastq.gz	/home/lvelo/working_directory/microbiology/MARVIN/00_raw/AUPO-212_R2.fastq.gz	lib2
AUPO-163	/home/lvelo/working_directory/microbiology/MARVIN/00_raw/AUPO-163_R1.fastq.gz	/home/lvelo/working_directory/microbiology/MARVIN/00_raw/AUPO-163_R2.fastq.gz	lib2
AUPO-229	/home/lvelo/working_directory/microbiology/MARVIN/00_raw/AUPO-229_R1.fastq.gz	/home/lvelo/working_directory/microbiology/MARVIN/00_raw/AUPO-229_R2.fastq.gz	lib2
AUPO-164	/home/lvelo/working_directory/microbiology/MARVIN/00_raw/AUPO-164_R1.fastq.gz	/home/lvelo/working_directory/microbiology/MARVIN/00_raw/AUPO-164_R2.fastq.gz	lib2
AUPO-142	/home/lvelo/working_directory/microbiology/MARVIN/00_raw/AUPO-142_R1.fastq.gz	/home/lvelo/working_directory/microbiology/MARVIN/00_raw/AUPO-142_R2.fastq.gz	lib2
AUPO-237	/home/lvelo/working_directory/microbiology/MARVIN/00_raw/AUPO-237_R1.fastq.gz	/home/lvelo/working_directory/microbiology/MARVIN/00_raw/AUPO-237_R2.fastq.gz	lib2
AUPO-143	/home/lvelo/working_directory/microbiology/MARVIN/00_raw/AUPO-143_R1.fastq.gz	/home/lvelo/working_directory/microbiology/MARVIN/00_raw/AUPO-143_R2.fastq.gz	lib2
AUPO-133	/home/lvelo/working_directory/microbiology/MARVIN/00_raw/AUPO-133_R1.fastq.gz	/home/lvelo/working_directory/microbiology/MARVIN/00_raw/AUPO-133_R2.fastq.gz	lib2
AUPO-150	/home/lvelo/working_directory/microbiology/MARVIN/00_raw/AUPO-150_R1.fastq.gz	/home/lvelo/working_directory/microbiology/MARVIN/00_raw/AUPO-150_R2.fastq.gz	lib2
AUPO-140	/home/lvelo/working_directory/microbiology/MARVIN/00_raw/AUPO-140_R1.fastq.gz	/home/lvelo/working_directory/microbiology/MARVIN/00_raw/AUPO-140_R2.fastq.gz	lib2
AUPO-236	/home/lvelo/working_directory/microbiology/MARVIN/00_raw/AUPO-236_R1.fastq.gz	/home/lvelo/working_directory/microbiology/MARVIN/00_raw/AUPO-236_R2.fastq.gz	lib2
AUPO-137	/home/lvelo/working_directory/microbiology/MARVIN/00_raw/AUPO-137_R1.fastq.gz	/home/lvelo/working_directory/microbiology/MARVIN/00_raw/AUPO-137_R2.fastq.gz	lib2
AUPO-199	/home/lvelo/working_directory/microbiology/MARVIN/00_raw/AUPO-199_R1.fastq.gz	/home/lvelo/working_directory/microbiology/MARVIN/00_raw/AUPO-199_R2.fastq.gz	lib2
AUPO-204	/home/lvelo/working_directory/microbiology/MARVIN/00_raw/AUPO-204_R1.fastq.gz	/home/lvelo/working_directory/microbiology/MARVIN/00_raw/AUPO-204_R2.fastq.gz	lib2
AUPO-252	/home/lvelo/working_directory/microbiology/MARVIN/00_raw/AUPO-252_R1.fastq.gz	/home/lvelo/working_directory/microbiology/MARVIN/00_raw/AUPO-252_R2.fastq.gz	lib2
AUPO-124	/home/lvelo/working_directory/microbiology/MARVIN/00_raw/AUPO-124_R1.fastq.gz	/home/lvelo/working_directory/microbiology/MARVIN/00_raw/AUPO-124_R2.fastq.gz	lib2
AUPO-126	/home/lvelo/working_directory/microbiology/MARVIN/00_raw/AUPO-126_R1.fastq.gz	/home/lvelo/working_directory/microbiology/MARVIN/00_raw/AUPO-126_R2.fastq.gz	lib2
AUPO-259	/home/lvelo/working_directory/microbiology/MARVIN/00_raw/AUPO-259_R1.fastq.gz	/home/lvelo/working_directory/microbiology/MARVIN/00_raw/AUPO-259_R2.fastq.gz	lib2
AUPO-201	/home/lvelo/working_directory/microbiology/MARVIN/00_raw/AUPO-201_R1.fastq.gz	/home/lvelo/working_directory/microbiology/MARVIN/00_raw/AUPO-201_R2.fastq.gz	lib2
AUPO-167	/home/lvelo/working_directory/microbiology/MARVIN/00_raw/AUPO-167_R1.fastq.gz	/home/lvelo/working_directory/microbiology/MARVIN/00_raw/AUPO-167_R2.fastq.gz	lib2
AUPO-159	/home/lvelo/working_directory/microbiology/MARVIN/00_raw/AUPO-159_R1.fastq.gz	/home/lvelo/working_directory/microbiology/MARVIN/00_raw/AUPO-159_R2.fastq.gz	lib2
AUPO-227	/home/lvelo/working_directory/microbiology/MARVIN/00_raw/AUPO-227_R1.fastq.gz	/home/lvelo/working_directory/microbiology/MARVIN/00_raw/AUPO-227_R2.fastq.gz	lib2
AUPO-249	/home/lvelo/working_directory/microbiology/MARVIN/00_raw/AUPO-249_R1.fastq.gz	/home/lvelo/working_directory/microbiology/MARVIN/00_raw/AUPO-249_R2.fastq.gz	lib2
